surface,role,title_en,description_en,title_vi,description_vi,schema_type,canonical
iai.one,constitutional-root,IAI Root — Constitutional Trust Layer,Trust position system boundaries and ecosystem routing for IAI.,IAI Root — Lớp trust hiến pháp,Vị trí trust, ranh giới hệ và điều hướng hệ sinh thái IAI.,Organization|WebSite,https://iai.one/
home.iai.one,portal,IAI Portal — Enter the Right Surface,Portal routing into app flow docs developer and operations.,IAI Portal — Mở đúng bề mặt,Cổng vào điều hướng sang app, flow, docs, developer và điều hành.,WebPage,https://home.iai.one/
app.iai.one,user-product,IAI App — Community Learning Verify,User surface for community lessons verification and member journeys.,IAI App — Cộng đồng học và xác minh,Bề mặt người dùng cho cộng đồng, bài học, xác minh và hành trình thành viên.,SoftwareApplication,https://app.iai.one/
flow.iai.one,living-execution,IAI Flow — Living Execution Surface,Execution surface for workflows runtime nodes and orchestration.,IAI Flow — Bề mặt thực thi sống,Bề mặt thực thi cho workflow, runtime, node và điều phối.,SoftwareApplication,https://flow.iai.one/
docs.iai.one,knowledge,IAI Docs — Architecture and Boundaries,Documentation for architecture standards roles and platform concepts.,IAI Docs — Kiến trúc và ranh giới,Tài liệu về kiến trúc, chuẩn, vai trò và khái niệm của nền tảng.,CollectionPage,https://docs.iai.one/
developer.iai.one,build-layer,IAI Developer — APIs and Integrations,Developer surface for APIs SDK guidance auth and integrations.,IAI Developer — API và tích hợp,Bề mặt dành cho developer với API, SDK, auth và tích hợp.,TechArticle,https://developer.iai.one/
dash.iai.one,living-control,IAI Dash — Living Control System,Control surface for runtime truth actions proofs and system health.,IAI Dash — Hệ điều khiển sống,Bề mặt điều khiển cho runtime truth, hành động, bằng chứng và sức khỏe hệ.,SoftwareApplication,https://dash.iai.one/
nft.iai.one,public-trust,IAI NFT — Public Trust Layer,Public trust and verification layer for records proof and disclosure.,IAI NFT — Lớp trust công khai,Lớp trust công khai cho hồ sơ, bằng chứng và công bố.,WebApplication,https://nft.iai.one/
web.iai.one,website-growth,IAI Web — Release-Hold Growth Surface,Website creation and commerce growth surface declared in the roadmap and held until DNS, deploy, and owner proof are accepted.,IAI Web — Bề mặt tăng trưởng đang giữ công bố,Bề mặt website và tăng trưởng thương mại đã khai báo trong roadmap, đang giữ cho tới khi bằng chứng DNS, deploy và owner được chấp nhận.,SoftwareApplication,https://web.iai.one/
pay.iai.one,payment-layer,IAI Pay — Payment and Settlement Layer,Payment authority for checkout invoices and settlement flows.,IAI Pay — Lớp thanh toán và quyết toán,Lớp thanh toán cho checkout, hóa đơn và luồng quyết toán.,FinancialProduct,https://pay.iai.one/
cios.iai.one,enterprise-product,IAI CIOS — Enterprise Intelligence Product,Enterprise intelligence system for customer operations and business orchestration.,IAI CIOS — Sản phẩm trí tuệ doanh nghiệp,Hệ trí tuệ doanh nghiệp cho vận hành khách hàng và điều phối kinh doanh.,SoftwareApplication,https://cios.iai.one/
life.iai.one,life-system,IAI Life — Hệ sống cá nhân bền vững,Content platform for personal life systems and long-term growth in Vietnamese.,IAI Life — Hệ sống cá nhân bền vững,Nền tảng nội dung về hệ sống cá nhân và phát triển bền vững dài hạn bằng tiếng Việt.,WebSite|Article,https://life.iai.one/
noos.iai.one,noos-commerce,NOOS Commerce — Bilingual Commerce Surface,Commerce surface for NOOS products licenses buyer library and operations boundaries.,NOOS Commerce — Bề mặt thương mại song ngữ,Bề mặt thương mại cho sản phẩm NOOS giấy phép thư viện người mua và ranh giới vận hành.,WebSite|CollectionPage,https://noos.iai.one/
